{"pages":["pages/profile/profile","pages/id_front/id_front","pages/id_back/id_back","pages/detail/detail"],"style":"v2","sitemapLocation":"sitemap.json","entryPagePath":"pages/profile/profile.html","page":{"pages/profile/profile.html":{"window":{"navigationBarTitleText":"National ID"}},"pages/id_front/id_front.html":{"window":{"navigationBarTitleText":"Id page"}},"pages/id_back/id_back.html":{"window":{"navigationBarTitleText":"Id page"}},"pages/detail/detail.html":{"window":{"navigationBarTitleText":"Detail page"}}},"global":{"window":{"backgroundTextStyle":"dark","navigationBarBackgroundColor":"#fff","navigationBarTitleText":"","navigationBarTextStyle":"black","capsuleTheme":"light"}}}